{
  "generated_at": "2026-02-05T08:56:50.614648",
  "holdings": [
    {
      "code": "510150",
      "name": "消费ETF",
      "close": 0.557,
      "daily_change": 1.4571948998178519,
      "change_20d": -2.2807017543859476,
      "rsi": 48.94930060181157,
      "macd_line": -0.0038737176506439264,
      "signal_line": -0.002577560902638826,
      "macd_hist": -0.0012961567480051003,
      "macd_cross": "死叉",
      "bb_upper": 0.582464443937535,
      "bb_middle": 0.56125,
      "bb_lower": 0.540035556062465,
      "percent_b": 0.3998323969151888,
      "volume_ratio": 1.042684387192336,
      "shares": 38000,
      "cost": 0.5559,
      "market_value": 21166.000000000004,
      "profit_loss": 41.800000000003834,
      "profit_loss_pct": 0.19787731606405848
    },
    {
      "code": "510880",
      "name": "红利ETF",
      "close": 3.15,
      "daily_change": 3.244837758112086,
      "change_20d": -2.2042843837317654,
      "rsi": 50.54290015994667,
      "macd_line": -0.02509891358559413,
      "signal_line": -0.023597880850765696,
      "macd_hist": -0.0015010327348284336,
      "macd_cross": "死叉",
      "bb_upper": 3.2788148621921622,
      "bb_middle": 3.1470000000000002,
      "bb_lower": 3.0151851378078383,
      "percent_b": 0.5113795969214239,
      "volume_ratio": 1.9582926284243758,
      "shares": 10000,
      "cost": 3.0671,
      "market_value": 31500.0,
      "profit_loss": 828.9999999999998,
      "profit_loss_pct": 2.702878941019203
    },
    {
      "code": "512170",
      "name": "医疗ETF",
      "close": 0.36,
      "daily_change": 1.6949152542372898,
      "change_20d": -1.6393442622950833,
      "rsi": 48.90670662104705,
      "macd_line": -0.0007529753784533133,
      "signal_line": 0.0017183663234300159,
      "macd_hist": -0.0024713417018833294,
      "macd_cross": "死叉",
      "bb_upper": 0.3911472603073719,
      "bb_middle": 0.3686,
      "bb_lower": 0.34605273969262806,
      "percent_b": 0.30928946837083815,
      "volume_ratio": 0.8470676635388914,
      "shares": 14000,
      "cost": 0.3585,
      "market_value": 5040.0,
      "profit_loss": 21.000000000000018,
      "profit_loss_pct": 0.4184100418410046
    },
    {
      "code": "512660",
      "name": "军工ETF",
      "close": 1.485,
      "daily_change": 0.13486176668914374,
      "change_20d": -1.3289036544850363,
      "rsi": 53.53653070154234,
      "macd_line": 0.02639855544294889,
      "signal_line": 0.04286476439138248,
      "macd_hist": -0.01646620894843359,
      "macd_cross": "死叉",
      "bb_upper": 1.6260135453871143,
      "bb_middle": 1.5143499999999999,
      "bb_lower": 1.4026864546128854,
      "percent_b": 0.3685784160880376,
      "volume_ratio": 0.586169222224435,
      "shares": 8000,
      "cost": 1.5128,
      "market_value": 11880.0,
      "profit_loss": -222.3999999999986,
      "profit_loss_pct": -1.837652035959798
    },
    {
      "code": "515050",
      "name": "5GETF",
      "close": 2.307,
      "daily_change": -2.8631578947368443,
      "change_20d": -0.774193548387107,
      "rsi": 48.51685008816936,
      "macd_line": 0.023669231506197708,
      "signal_line": 0.03455690293194904,
      "macd_hist": -0.010887671425751332,
      "macd_cross": "死叉",
      "bb_upper": 2.4147058082564796,
      "bb_middle": 2.3518499999999998,
      "bb_lower": 2.28899419174352,
      "percent_b": 0.1432310613444684,
      "volume_ratio": 0.8621486223949301,
      "shares": 1000,
      "cost": 2.32,
      "market_value": 2307.0,
      "profit_loss": -12.9999999999999,
      "profit_loss_pct": -0.5603448275862026
    },
    {
      "code": "515070",
      "name": "AI智能ETF",
      "close": 2.005,
      "daily_change": -3.140096618357486,
      "change_20d": -1.085347804637407,
      "rsi": 44.08070669072555,
      "macd_line": 0.0228208857878065,
      "signal_line": 0.0400206225806278,
      "macd_hist": -0.017199736792821302,
      "macd_cross": "死叉",
      "bb_upper": 2.177466154575946,
      "bb_middle": 2.0969,
      "bb_lower": 2.0163338454240542,
      "percent_b": -0.07033875132621893,
      "volume_ratio": 1.1107898267105698,
      "shares": 400,
      "cost": 1.9388,
      "market_value": 802.0,
      "profit_loss": 26.479999999999926,
      "profit_loss_pct": 3.414483185475542
    },
    {
      "code": "515790",
      "name": "光伏ETF",
      "close": 1.157,
      "daily_change": 3.119429590017818,
      "change_20d": 13.431372549019608,
      "rsi": 66.2955957582844,
      "macd_line": 0.03262879006886177,
      "signal_line": 0.03042027684855747,
      "macd_hist": 0.002208513220304298,
      "macd_cross": "金叉",
      "bb_upper": 1.1617068394258194,
      "bb_middle": 1.0744,
      "bb_lower": 0.9870931605741806,
      "percent_b": 0.9730442686004079,
      "volume_ratio": 1.5499199628905502,
      "shares": 1000,
      "cost": 1.1005,
      "market_value": 1157.0,
      "profit_loss": 56.49999999999999,
      "profit_loss_pct": 5.134029986369831
    },
    {
      "code": "588000",
      "name": "科创50",
      "close": 1.531,
      "daily_change": -1.0981912144702923,
      "change_20d": 0.0,
      "rsi": 47.16636248592499,
      "macd_line": 0.022178978834467955,
      "signal_line": 0.03659119307116465,
      "macd_hist": -0.014412214236696697,
      "macd_cross": "死叉",
      "bb_upper": 1.6556735921597423,
      "bb_middle": 1.5833,
      "bb_lower": 1.5109264078402576,
      "percent_b": 0.13868036365692682,
      "volume_ratio": 0.7711206578488135,
      "shares": 1000,
      "cost": 0.3019,
      "market_value": 1531.0,
      "profit_loss": 1229.1,
      "profit_loss_pct": 407.12156343159984
    },
    {
      "code": "159241",
      "name": "航空TH",
      "close": 1.515,
      "daily_change": 0.33112582781456246,
      "change_20d": -0.7858546168958751,
      "rsi": 55.20657276304024,
      "macd_line": 0.03134763787993533,
      "signal_line": 0.04688607451947325,
      "macd_hist": -0.015538436639537918,
      "macd_cross": "死叉",
      "bb_upper": 1.65083775507092,
      "bb_middle": 1.5285,
      "bb_lower": 1.40616224492908,
      "percent_b": 0.44482488258766056,
      "volume_ratio": 0.8769263220509612,
      "shares": 8000,
      "cost": 1.5185,
      "market_value": 12120.0,
      "profit_loss": -28.00000000000047,
      "profit_loss_pct": -0.2304906157392202
    },
    {
      "code": "159770",
      "name": "机器人AI",
      "close": 1.101,
      "daily_change": -0.542005420054201,
      "change_20d": 2.0389249304911976,
      "rsi": 50.906652129933285,
      "macd_line": 0.013441960807903719,
      "signal_line": 0.02289880127008163,
      "macd_hist": -0.009456840462177912,
      "macd_cross": "死叉",
      "bb_upper": 1.1728237778966515,
      "bb_middle": 1.12315,
      "bb_lower": 1.0734762221033487,
      "percent_b": 0.277045345271662,
      "volume_ratio": 0.6464261989705381,
      "shares": 200,
      "cost": 0.767,
      "market_value": 220.2,
      "profit_loss": 66.8,
      "profit_loss_pct": 43.54628422425032
    }
  ],
  "watchlist": [
    {
      "code": "159985",
      "name": "豆粕ETF",
      "close": 1.975,
      "daily_change": 0.2029426686960935,
      "change_20d": 0.15212981744422482,
      "rsi": 51.331731764718704,
      "macd_line": 0.0036531262012471366,
      "signal_line": 0.003281154979600221,
      "macd_hist": 0.0003719712216469157,
      "macd_cross": "金叉",
      "bb_upper": 1.9962821320649486,
      "bb_middle": 1.9728,
      "bb_lower": 1.9493178679350516,
      "percent_b": 0.546844127993043,
      "volume_ratio": 0.6388524754782878
    },
    {
      "code": "512890",
      "name": "红利低波ETF",
      "close": 1.166,
      "daily_change": 1.3913043478260883,
      "change_20d": 0.43066322136088664,
      "rsi": 52.193683546303326,
      "macd_line": -0.003867559940675669,
      "signal_line": -0.0059390292506350745,
      "macd_hist": 0.0020714693099594056,
      "macd_cross": "金叉",
      "bb_upper": 1.1720480303314937,
      "bb_middle": 1.15615,
      "bb_lower": 1.1402519696685063,