{
    "GC=F": {
        "ticker": "GC=F",
        "name": "黄金期货 (COMEX Gold)",
        "current_price": 4565.2001953125,
        "daily_change_pct": 3.657957223587706,
        "high_period": 5586.2001953125,
        "low_period": 2949.699951171875,
        "high_1m": 5405.0,
        "low_1m": 4100.7998046875,
        "drawdown_from_high": -18.277182419218395,
        "drawdown_from_1m_high": -15.537461696345975,
        "rsi": 36.459419537424004,
        "rsi_prev": 27.95024346582386,
        "macd": -106.7605058682575,
        "signal": -22.194034374829872,
        "histogram": -84.56647149342763,
        "prev_histogram": -90.33125333683361,
        "bb_upper": 5518.675589832134,
        "bb_middle": 5001.45,
        "bb_lower": 4484.224410167865,
        "bb_width": 20.683025515885777,
        "bb_position": 7.827898187608566,
        "sma_20": 5001.45,
        "sma_50": 4952.393984375,
        "sma_200": 4074.6759899902345,
        "atr": 142.15715680803572,
        "atr_pct": 3.1139304023074654,
        "stoch_k": 41.137410747806655,
        "stoch_d": 23.397175476116917,
        "avg_volume_20d": 2021.6,
        "latest_volume": 23022.0,
        "volume_ratio": 11.388009497427781,
        "bullish_divergence": 0,
        "macd_converging": 1,
        "signals": [
            "🟡 RSI 偏低 (36.5)",
            "🟡 MACD 柱状图收窄（空头力量减弱）",
            "🟡 接近布林带下轨 (位置=8%)",
            "🔴 价格在20日均线下方",
            "🟡 价格在50日均线下方",
            "🟢 价格在200日均线上方（长期趋势向上）",
            "📊 放量 (成交量比=11.4x)",
            "⚠️ 波动率较高 (ATR%=3.1%)"
        ],
        "score": 3,
        "overall": "🟢 可考虑分批建仓"
    },
    "SI=F": {
        "ticker": "SI=F",
        "name": "白银期货 (COMEX Silver)",
        "current_price": 74.24500274658203,
        "daily_change_pct": 7.525089247525328,
        "high_period": 121.30000305175781,
        "low_period": 28.309999465942383,
        "high_1m": 95.86000061035156,
        "low_1m": 61.09000015258789,
        "drawdown_from_high": -38.79224989392437,
        "drawdown_from_1m_high": -22.5485058691262,
        "rsi": 42.84425270953498,
        "rsi_prev": 35.10467767007283,
        "macd": -3.141280312796084,
        "signal": -1.6789465014163123,
        "histogram": -1.462333811379772,
        "prev_histogram": -1.8194841511158792,
        "bb_upper": 95.29667012528535,
        "bb_middle": 81.71565017700195,
        "bb_lower": 68.13463022871855,
        "bb_width": 33.23970357909638,
        "bb_position": 22.496000083689648,
        "sma_20": 81.71565017700195,
        "sma_50": 85.3292204284668,
        "sma_200": 56.64121515274048,
        "atr": 4.8549284253801614,
        "atr_pct": 6.539064241065928,
        "stoch_k": 46.15791001676727,
        "stoch_d": 28.000069774562046,
        "avg_volume_20d": 2897.1,
        "latest_volume": 5602.0,
        "volume_ratio": 1.9336577957267613,
        "bullish_divergence": 1,
        "macd_converging": 1,
        "signals": [
            "⚪ RSI 中性 (42.8)",
            "🟡 MACD 柱状图收窄（空头力量减弱）",
            "🔴 价格在20日均线下方",
            "🟡 价格在50日均线下方",
            "🟢 价格在200日均线上方（长期趋势向上）",
            "📊 放量 (成交量比=1.9x)",
            "🟢 RSI 底部背离（看涨信号）",
            "⚠️ 波动率较高 (ATR%=6.5%)"
        ],
        "score": 3,
        "overall": "🟢 可考虑分批建仓"
    },
    "GLD": {
        "ticker": "GLD",
        "name": "黄金 ETF (SPDR Gold Trust)",
        "current_price": 404.1300048828125,
        "daily_change_pct": 0.022274115430976942,
        "high_period": 509.70001220703125,
        "low_period": 272.5799865722656,
        "high_1m": 492.1499938964844,
        "low_1m": 399.3399963378906,
        "drawdown_from_high": -20.712184578355092,
        "drawdown_from_1m_high": -17.884789211677898,
        "rsi": 27.505271376830024,
        "rsi_prev": 27.445591355011345,
        "macd": -11.754907507357927,
        "signal": -2.9514511713032596,
        "histogram": -8.803456336054667,
        "prev_histogram": -8.508316737028576,
        "bb_upper": 510.6808793205574,
        "bb_middle": 458.5490005493164,
        "bb_lower": 406.41712177807545,
        "bb_width": 22.737757015625306,
        "bb_position": -2.193587636941894,
        "sma_20": 458.5490005493164,
        "sma_50": 455.7316015625,
        "sma_200": 375.07650009155276,
        "atr": 10.944277082170759,
        "atr_pct": 2.70810802215597,
        "stoch_k": 5.8436116549819745,
        "stoch_d": 4.766351588170206,
        "avg_volume_20d": 15633742.15,
        "latest_volume": 17122643.0,
        "volume_ratio": 1.0952363698796197,
        "bullish_divergence": 0,
        "macd_converging": 0,
        "signals": [
            "🟢 RSI 超卖 (27.5)",
            "🔴 MACD 死叉",
            "🟢 触及布林带下轨（超卖区域）",
            "🔴 价格在20日均线下方",
            "🟡 价格在50日均线下方",
            "🟢 价格在200日均线上方（长期趋势向上）",
            "🟢 随机指标超卖 (K=5.8)"
        ],
        "score": 6,
        "overall": "🟢 强烈买入信号"
    },
    "SLV": {
        "ticker": "SLV",
        "name": "白银 ETF (iShares Silver Trust)",
        "current_price": 62.95000076293945,
        "daily_change_pct": 0.7683680692441733,
        "high_period": 109.83000183105469,
        "low_period": 26.56999969482422,
        "high_1m": 85.2699966430664,
        "low_1m": 60.849998474121094,
        "drawdown_from_high": -42.68414848998009,
        "drawdown_from_1m_high": -26.175673459395952,
        "rsi": 36.11522898360339,
        "rsi_prev": 35.269337556406114,
        "macd": -3.4359669038480405,
        "signal": -1.8168742900339663,
        "histogram": -1.6190926138140742,
        "prev_histogram": -1.6957724234968188,
        "bb_upper": 87.36021777282096,
        "bb_middle": 73.94550018310547,
        "bb_lower": 60.53078259338998,
        "bb_width": 36.2827151253225,
        "bb_position": 9.017029815835215,
        "sma_20": 73.94550018310547,
        "sma_50": 77.84460021972656,
        "sma_200": 51.72220001220703,
        "atr": 3.399357114519392,
        "atr_pct": 5.4000906645273545,
        "stoch_k": 10.279012518107209,
        "stoch_d": 7.162680622396256,
        "avg_volume_20d": 53427022.8,
        "latest_volume": 45119456.0,
        "volume_ratio": 0.8445062748284001,
        "bullish_divergence": 0,
        "macd_converging": 1,
        "signals": [
            "🟡 RSI 偏低 (36.1)",
            "🟡 MACD 柱状图收窄（空头力量减弱）",
            "🟡 接近布林带下轨 (位置=9%)",
            "🔴 价格在20日均线下方",
            "🟡 价格在50日均线下方",
            "🟢 价格在200日均线上方（长期趋势向上）",
            "🟢 随机指标超卖 (K=10.3)",
            "⚠️ 波动率较高 (ATR%=5.4%)"
        ],
        "score": 5,
        "overall": "🟢 强烈买入信号"
    },
    "IAU": {
        "ticker": "IAU",
        "name": "黄金 ETF (iShares Gold)",
        "current_price": 82.76000213623047,
        "daily_change_pct": -0.024156370332548704,
        "high_period": 104.4000015258789,
        "low_period": 55.779998779296875,
        "high_1m": 100.80999755859375,
        "low_1m": 81.87000274658203,
        "drawdown_from_high": -20.727968461077335,
        "drawdown_from_1m_high": -17.904965637829807,
        "rsi": 27.324683692198406,
        "rsi_prev": 27.349226523894018,
        "macd": -2.4034898187101277,
        "signal": -0.5996763665680086,
        "histogram": -1.8038134521421192,
        "prev_histogram": -1.7405165644477192,
        "bb_upper": 104.59821659884317,
        "bb_middle": 93.93100013732911,
        "bb_lower": 83.26378367581505,
        "bb_width": 22.712877422615247,
        "bb_position": -2.361354254890011,
        "sma_20": 93.93100013732911,
        "sma_50": 93.34519989013671,
        "sma_200": 76.80339988708496,
        "atr": 2.2285739353724887,
        "atr_pct": 2.6928152221456614,
        "stoch_k": 5.319782527998015,
        "stoch_d": 4.567755321202733,
        "avg_volume_20d": 15961195.15,
        "latest_volume": 14419203.0,
        "volume_ratio": 0.9033911849639906,
        "bullish_divergence": 0,
        "macd_converging": 0,