{
  "holdings": [
    {
      "ticker": "510880.SS",
      "name": "红利ETF",
      "current_price": 3.218,
      "prev_price": 3.18,
      "change_pct": 1.1949685534591135,
      "rsi": 57.14885428420618,
      "sma_5": 3.1908000000000003,
      "sma_10": 3.1799,
      "sma_20": 3.17305,
      "ema_12": 3.1850495786608497,
      "macd": -0.009724348234350089,
      "macd_signal": -0.017800436593892188,
      "macd_histogram": 0.0080760883595421,
      "bb_upper": 3.214004274887735,
      "bb_middle": 3.17305,
      "bb_lower": 3.132095725112265,
      "trend": "bullish",
      "momentum": "strong",
      "bb_position": "upper",
      "price_vs_sma20": 1.4166180803958353,
      "shares": 1000,
      "current_value": 3180.0,
      "pnl": -26.0,
      "pnl_pct": -0.8
    },
    {
      "ticker": "515050.SS",
      "name": "5GETF",
      "current_price": 2.33,
      "prev_price": 2.328,
      "change_pct": 0.08591065292097182,
      "rsi": 63.6116950287418,
      "sma_5": 2.3101999999999996,
      "sma_10": 2.2971,
      "sma_20": 2.2424,
      "ema_12": 2.276397340805842,
      "macd": 0.059487157988769024,
      "macd_signal": 0.05446828806897995,
      "macd_histogram": 0.0050188699197890735,
      "bb_upper": 2.3751132246612867,
      "bb_middle": 2.2424,
      "bb_lower": 2.109686775338713,
      "trend": "bullish",
      "momentum": "weak",
      "bb_position": "middle",
      "price_vs_sma20": 3.9065287192294025,
      "shares": 500,
      "current_value": 1164.0,
      "pnl": 0.0,
      "pnl_pct": 0.04
    },
    {
      "ticker": "515070.SS",
      "name": "AI智能",
      "current_price": 2.02,
      "prev_price": 2.005,
      "change_pct": 0.7481296758104801,
      "rsi": 67.05639644847649,
      "sma_5": 1.9736,
      "sma_10": 1.9505,
      "sma_20": 1.9218499999999998,
      "ema_12": 1.9479883777198392,
      "macd": 0.0338814864155943,
      "macd_signal": 0.024036554924231266,
      "macd_histogram": 0.009844931491363031,
      "bb_upper": 2.0101992471596875,
      "bb_middle": 1.9218499999999998,
      "bb_lower": 1.833500752840312,
      "trend": "bullish",
      "momentum": "strong",
      "bb_position": "upper",
      "price_vs_sma20": 5.10705830319745,
      "shares": 500,
      "current_value": 1002.5,
      "pnl": 6.5,
      "pnl_pct": 0.7
    },
    {
      "ticker": "588000.SS",
      "name": "科创50",
      "current_price": 1.505,
      "prev_price": 1.479,
      "change_pct": 1.7579445571331846,
      "rsi": 66.97762078648975,
      "sma_5": 1.4502000000000002,
      "sma_10": 1.433,
      "sma_20": 1.41455,
      "ema_12": 1.435143463222107,
      "macd": 0.012808784964182696,
      "macd_signal": 0.0013675482485693664,
      "macd_histogram": 0.01144123671561333,
      "bb_upper": 1.479504964155337,
      "bb_middle": 1.41455,
      "bb_lower": 1.349595035844663,
      "trend": "bullish",
      "momentum": "strong",
      "bb_position": "upper",
      "price_vs_sma20": 6.394259658548649,
      "shares": 8000,
      "current_value": 11832.0,
      "pnl": 447.51,
      "pnl_pct": 3.94
    },
    {
      "ticker": "159516.SZ",
      "name": "半导体设备",
      "current_price": 1.693,
      "prev_price": 1.635,
      "change_pct": 3.547400611620798,
      "rsi": 74.2717629121276,
      "sma_5": 1.5922,
      "sma_10": 1.5827,
      "sma_20": 1.53705,
      "ema_12": 1.5743327496478559,
      "macd": 0.04170948135422181,
      "macd_signal": 0.029894788310569485,
      "macd_histogram": 0.011814693043652326,
      "bb_upper": 1.6547981254739625,
      "bb_middle": 1.53705,
      "bb_lower": 1.4193018745260375,
      "trend": "bullish",
      "momentum": "strong",
      "bb_position": "upper",
      "price_vs_sma20": 10.146059009140888,
      "shares": 1000,
      "current_value": 1635.0,
      "pnl": 16.0,
      "pnl_pct": 1.02
    },
    {
      "ticker": "159770.SZ",
      "name": "机器人AI",
      "current_price": 1.078,
      "prev_price": 1.074,
      "change_pct": 0.37243947858473025,
      "rsi": 69.33165781607754,
      "sma_5": 1.059,
      "sma_10": 1.0284,
      "sma_20": 1.0068499999999998,
      "ema_12": 1.0321251028242084,
      "macd": 0.017045882772131593,
      "macd_signal": 0.005597528873736143,
      "macd_histogram": 0.01144835389839545,
      "bb_upper": 1.0798352905151383,
      "bb_middle": 1.0068499999999998,
      "bb_lower": 0.9338647094848612,
      "trend": "bullish",
      "momentum": "strong",
      "bb_position": "middle",
      "price_vs_sma20": 7.066593832249121,
      "shares": 1000,
      "current_value": 1074.0,
      "pnl": 5.0,
      "pnl_pct": 0.51
    },
    {
      "ticker": "159830.SZ",
      "name": "上海金",
      "current_price": 9.987,
      "prev_price": 9.89,
      "change_pct": 0.9807886754297221,
      "rsi": 60.86726113111715,
      "sma_5": 9.857800000000001,
      "sma_10": 9.9334,
      "sma_20": 9.766499999999999,
      "ema_12": 9.853346554667372,
      "macd": 0.1197389217513205,
      "macd_signal": 0.12545657516903064,
      "macd_histogram": -0.0057176534177101335,
      "bb_upper": 10.18267987002082,
      "bb_middle": 9.766499999999999,
      "bb_lower": 9.350320129979178,
      "trend": "bullish",
      "momentum": "weak",
      "bb_position": "middle",
      "price_vs_sma20": 2.257717708493332,
      "shares": 400,
      "current_value": 3956.0,
      "pnl": 66.7,
      "pnl_pct": 1.73
    },
    {
      "ticker": "161226.SZ",
      "name": "白银基金",
      "current_price": 2.598,
      "prev_price": 2.372,
      "change_pct": 9.527824620573355,
      "rsi": 62.4134035680963,
      "sma_5": 2.4282,
      "sma_10": 2.5993,
      "sma_20": 2.30645,
      "ema_12": 2.434867375544933,
      "macd": 0.21981433434774011,
      "macd_signal": 0.24868753431203997,
      "macd_histogram": -0.02887319996429985,
      "bb_upper": 3.0717878957929887,
      "bb_middle": 2.30645,
      "bb_lower": 1.541112104207011,
      "trend": "bullish",
      "momentum": "weak",
      "bb_position": "middle",
      "price_vs_sma20": 12.64063821023651,
      "shares": 500,
      "current_value": 1186.0,
      "pnl": 20.5,
      "pnl_pct": 1.8
    }
  ],
  "new_etfs": [
    {
      "ticker": "159241.SZ",
      "name": "航空航天ETF天弘",
      "current_price": 1.462,
      "prev_price": 1.408,
      "change_pct": 3.835227272727276,
      "rsi": 82.3110283523888,
      "sma_5": 1.3932,
      "sma_10": 1.339,
      "sma_20": 1.28115,
      "ema_12": 1.3407669483356135,
      "macd": 0.06014640911745328,
      "macd_signal": 0.042427148303276735,
      "macd_histogram": 0.017719260814176546,
      "bb_upper": 1.4375277814343057,
      "bb_middle": 1.28115,
      "bb_lower": 1.1247722185656943,
      "trend": "bullish",
      "momentum": "strong",
      "bb_position": "upper",
      "price_vs_sma20": 14.116223705264797
    },
    {
      "ticker": "513630.SS",
      "name": "恒生科技指数ETF",
      "current_price": 1.613,
      "prev_price": 1.597,
      "change_pct": 1.0018785222291806,
      "rsi": 44.86673458613203,
      "sma_5": 1.6094000000000002,
      "sma_10": 1.616,
      "sma_20": 1.62015,
      "ema_12": 1.6161785796075627,
      "macd": -0.010196281101874982,
      "macd_signal": -0.00949926648218927,
      "macd_histogram": -0.0006970146196857117,
      "bb_upper": 1.6463498392923976,
      "bb_middle": 1.62015,
      "bb_lower": 1.5939501607076023,
      "trend": "bearish",
      "momentum": "strong",
      "bb_position": "middle",
      "price_vs_sma20": -0.441317161991173
    },
    {
      "ticker": "159691.SZ",
      "name": "港股红利指数ETF",
      "current_price": 1.324,
      "prev_price": 1.3,
      "change_pct": 1.8461538461538478,
      "rsi": 54.95633601636762,
      "sma_5": 1.298,
      "sma_10": 1.2993,
      "sma_20": 1.30025,
      "ema_12": 1.3019381769547975,
      "macd": -0.007615022360989654,
      "macd_signal": -0.010813360282570529,
      "macd_histogram": 0.003198337921580875,
      "bb_upper": 1.3263177255584337,
      "bb_middle": 1.30025,
      "bb_lower": 1.274182274441566,