{
  "代码": "515790",
  "名称": "光伏ETF",
  "分析时间": "2026-01-28 09:20:50",
  "当前指标": {
    "现价": 1.13,
    "RSI_6": 70.2810133868866,
    "RSI_14": 68.9554648516305,
    "%B": 0.93,
    "MACD": 0.03734841516134302,
    "Signal": 0.02768373313714439,
    "Histogram": 0.009664682024198627,
    "SMA_5": 1.102,
    "SMA_10": 1.0778,
    "SMA_20": 1.0396999999999998,
    "SMA_60": 1.0005166666666667
  },
  "MACD交叉": [],
  "综合得分": 11,
  "结论": "🟢 强烈看多 - 趋势确认，可积极布局"
}