{
    "600549": {
        "ticker": "600549",
        "name": "厦门钨业",
        "realtime": {
            "代码": "sh600549",
            "名称": "厦门钨业",
            "最新价": 59.66,
            "涨跌额": -0.74,
            "涨跌幅": -1.225,
            "昨收": 60.4,
            "今开": 60.51,
            "最高": 61.28,
            "最低": 59.6,
            "成交量": 35101290.0,
            "成交额": 2122215928.0
        },
        "current_price": 60.4,
        "price_5d_change": -16.320310335272936,
        "price_20d_change": 7.244318181818188,
        "price_60d_change": 64.13043478260872,
        "rsi_14": 43.407830148605626,
        "rsi_6": 23.158944992357902,
        "macd": 2.5696331864948263,
        "macd_signal": 4.2220394759354045,
        "macd_histogram": -1.6524062894405782,
        "macd_cross": "无交叉",
        "bb_upper": 80.57854770625818,
        "bb_middle": 66.923,
        "bb_lower": 53.26745229374182,
        "bb_width": 40.809729708047094,
        "bb_position": 0.26115934196434376,
        "sma_5": 66.46,
        "sma_10": 70.73100000000001,
        "sma_20": 66.923,
        "sma_60": 54.93183333333334,
        "ma_trend": "交织排列",
        "atr_14": 5.701428571428573,
        "atr_pct": 9.439451277199625,
        "stoch_k": 7.7593722755013115,
        "stoch_d": 20.429154054380575,
        "kdj_signal": "超卖区",
        "vol_5d_avg": 69477872.4,
        "vol_20d_avg": 79203744.35,
        "vol_ratio": 0.8772043919158478,
        "max_drawdown": -0.2331132554596242,
        "var_95": -0.048399439769118105,
        "sharpe_ratio": 2.6285731534333077,
        "sortino_ratio": 5.095762897733997,
        "high_60d": 78.76,
        "drawdown_from_high": -23.311325545962426,
        "low_60d": 36.8,
        "rebound_from_low": 64.13043478260872
    },
    "000657": {
        "ticker": "000657",
        "name": "中钨高新",
        "realtime": {
            "代码": "sz000657",
            "名称": "中钨高新",
            "最新价": 53.8,
            "涨跌额": -1.39,
            "涨跌幅": -2.519,
            "昨收": 55.19,
            "今开": 54.53,
            "最高": 55.84,
            "最低": 53.78,
            "成交量": 50209089.0,
            "成交额": 2758099907.0
        },
        "current_price": 55.19,
        "price_5d_change": -16.95756846223292,
        "price_20d_change": 16.70543455275957,
        "price_60d_change": 127.119341563786,
        "rsi_14": 48.11228881930428,
        "rsi_6": 27.631384020713625,
        "macd": 3.8342647983078564,
        "macd_signal": 5.450128449508262,
        "macd_histogram": -1.6158636512004056,
        "macd_cross": "无交叉",
        "bb_upper": 72.99426820867667,
        "bb_middle": 59.609500000000004,
        "bb_lower": 46.22473179132334,
        "bb_width": 44.90817137763834,
        "bb_position": 0.3349056206615863,
        "sma_5": 60.574,
        "sma_10": 62.943,
        "sma_20": 59.609500000000004,
        "sma_60": 43.79666666666667,
        "ma_trend": "交织排列",
        "atr_14": 5.194999999999999,
        "atr_pct": 9.412937126290995,
        "stoch_k": 11.262241566920565,
        "stoch_d": 26.517653810888934,
        "kdj_signal": "超卖区",
        "vol_5d_avg": 87441856.6,
        "vol_20d_avg": 90415640.35,
        "vol_ratio": 0.967109852471448,
        "max_drawdown": -0.20037670240509983,
        "var_95": -0.05924940328068655,
        "sharpe_ratio": 3.409744598921945,
        "sortino_ratio": 6.447335842828549,
        "high_60d": 69.02,
        "drawdown_from_high": -20.037670240509996,
        "low_60d": 24.3,
        "rebound_from_low": 127.119341563786
    },
    "002378": {
        "ticker": "002378",
        "name": "章源钨业",
        "realtime": {
            "代码": "sz002378",
            "名称": "章源钨业",
            "最新价": 36.35,
            "涨跌额": -0.31,
            "涨跌幅": -0.846,
            "昨收": 36.66,
            "今开": 36.14,
            "最高": 38.02,
            "最低": 36.14,
            "成交量": 65141013.0,
            "成交额": 2419963796.0
        },
        "current_price": 36.66,
        "price_5d_change": -18.333704611272005,
        "price_20d_change": 45.533942040492235,
        "price_60d_change": 178.14871016691956,
        "rsi_14": 53.99737471801058,
        "rsi_6": 33.960111593541654,
        "macd": 4.3873080241085205,
        "macd_signal": 5.311601727443682,
        "macd_histogram": -0.9242937033351613,
        "macd_cross": "无交叉",
        "bb_upper": 51.227400288180284,
        "bb_middle": 37.2915,
        "bb_lower": 23.355599711819714,
        "bb_width": 74.74035792703584,
        "bb_position": 0.4773426909298566,
        "sma_5": 40.676,
        "sma_10": 42.14,
        "sma_20": 37.2915,
        "sma_60": 24.333333333333332,
        "ma_trend": "交织排列",
        "atr_14": 4.234285714285714,
        "atr_pct": 11.55015197568389,
        "stoch_k": 32.646048109965605,
        "stoch_d": 42.587528430291904,
        "kdj_signal": "中性",
        "vol_5d_avg": 119440190.8,
        "vol_20d_avg": 110173950.9,
        "vol_ratio": 1.084105542410933,
        "max_drawdown": -0.1849710982658959,
        "var_95": -0.06017075580683086,
        "sharpe_ratio": 3.281568744219761,
        "sortino_ratio": 6.203103605267493,
        "high_60d": 44.98,
        "drawdown_from_high": -18.497109826589597,
        "low_60d": 13.18,
        "rebound_from_low": 178.14871016691956
    },
    "603993": {
        "ticker": "603993",
        "name": "洛阳钼业",
        "realtime": {
            "代码": "sh603993",
            "名称": "洛阳钼业",
            "最新价": 19.48,
            "涨跌额": 0.12,
            "涨跌幅": 0.62,
            "昨收": 19.36,
            "今开": 19.45,
            "最高": 19.97,
            "最低": 19.43,
            "成交量": 185458835.0,
            "成交额": 3663491753.0
        },
        "current_price": 19.36,
        "price_5d_change": -10.947562097516094,
        "price_20d_change": -13.648528099910806,
        "price_60d_change": 10.882016036655195,
        "rsi_14": 34.70386289722981,
        "rsi_6": 19.175930866510143,
        "macd": -0.643731434386293,
        "macd_signal": -0.19388540410468252,
        "macd_histogram": -0.44984603028161047,
        "macd_cross": "无交叉",
        "bb_upper": 25.052636271999493,
        "bb_middle": 22.3405,
        "bb_lower": 19.628363728000505,
        "bb_width": 24.279996168389196,
        "bb_position": -0.04947460250635872,
        "sma_5": 20.6,
        "sma_10": 21.535999999999998,
        "sma_20": 22.3405,
        "sma_60": 21.756166666666665,
        "ma_trend": "交织排列",
        "atr_14": 1.1021428571428575,
        "atr_pct": 5.692886658795752,
        "stoch_k": 9.210526315789455,
        "stoch_d": 6.2733811575096645,
        "kdj_signal": "超卖区",
        "vol_5d_avg": 289320867.6,
        "vol_20d_avg": 273806229.55,
        "vol_ratio": 1.056662838078952,
        "max_drawdown": -0.2837587865334814,
        "var_95": -0.05140509220569393,
        "sharpe_ratio": 1.610226659431099,
        "sortino_ratio": 2.6183327776337006,
        "high_60d": 27.03,
        "drawdown_from_high": -28.375878653348142,
        "low_60d": 17.46,
        "rebound_from_low": 10.882016036655195
    }
}