{
  "timestamp": "2026-01-14 16:42:48",
  "current_portfolio": {
    "metrics": {
      "weights": [
        0.030463085521695438,
        0.03421401848680159,
        0.006544000562851862,
        0.008603834936910155,
        0.024381064273189982,
        0.008883565530918071,
        0.03282596137259564,
        0.008277482577234253,
        0.04327347522455797,
        0.008735223549247207,
        0.7937982879639978
      ],
      "expected_return": 0.08947797754729783,
      "volatility": 0.03234715390053367,
      "sharpe_ratio": 2.1478853367112327,
      "sortino_ratio": 2.5908620749766773,
      "var_95": -0.0024534571409939514,
      "var_99": -0.005118441664855785,
      "cvar_95": -0.004391891351072389,
      "cvar_99": -0.008511970854654336,
      "max_drawdown": -0.020174125706918494,
      "beta": 0.1532589216886989,
      "alpha": 0.05344073227964728
    },
    "weights": {
      "510150.SH": 0.030463085521695438,
      "510880.SH": 0.03421401848680159,
      "513180.SH": 0.006544000562851862,
      "513630.SH": 0.008603834936910155,
      "515050.SH": 0.024381064273189982,
      "515070.SH": 0.008883565530918071,
      "588000.SH": 0.03282596137259564,
      "159770.SZ": 0.008277482577234253,
      "159830.SZ": 0.04327347522455797,
      "161226.SZ": 0.008735223549247207,
      "CASH": 0.7937982879639978
    }
  },
  "optimization": {
    "max_sharpe": {
      "weights": {
        "510150.SH": 4.0216978008198525e-16,
        "510880.SH": 0.0,
        "513180.SH": 0.0,
        "513630.SH": 0.2667603189621258,
        "515050.SH": 0.15389961509984632,
        "515070.SH": 0.008897910307171396,
        "588000.SH": 0.0,
        "159770.SZ": 4.933057288949275e-17,
        "159830.SZ": 0.34150232472254916,
        "161226.SZ": 0.22893983090830813
      },
      "metrics": {
        "weights": [
          4.0216978008198525e-16,
          0.0,
          0.0,
          0.2667603189621258,
          0.15389961509984632,
          0.008897910307171396,
          0.0,
          4.933057288949275e-17,
          0.34150232472254916,
          0.22893983090830813
        ],
        "expected_return": 0.7025205267410952,
        "volatility": 0.17644383135185973,
        "sharpe_ratio": 3.8682028241612505,
        "sortino_ratio": 4.7047698845322445,
        "var_95": -0.01549435874969591,
        "var_99": -0.023124029371612835,
        "cvar_95": -0.023235570311520907,
        "cvar_99": -0.03852475476688252,
        "max_drawdown": -0.08552209686958238,
        "beta": 0.5196788534387298,
        "alpha": 0.6281405458487797
      }
    }
  },
  "correlation": {
    "510150.SH": {
      "510150.SH": 1.0,
      "510880.SH": 0.3662665172802612,
      "513180.SH": 0.627214565808203,
      "513630.SH": 0.5053350652678157,
      "515050.SH": 0.45675383273044007,
      "515070.SH": 0.4989355732489992,
      "588000.SH": 0.5454162902796109,
      "159770.SZ": 0.5482080538750941,
      "159830.SZ": 0.14844050428199418,
      "161226.SZ": 0.18845530165763763
    },
    "510880.SH": {
      "510150.SH": 0.3662665172802612,
      "510880.SH": 1.0,
      "513180.SH": 0.1068300560772543,
      "513630.SH": 0.5627664360931209,
      "515050.SH": -0.05085714480349785,
      "515070.SH": -0.05086521690718625,
      "588000.SH": 0.04020230270643813,
      "159770.SZ": -0.015589159312256821,
      "159830.SZ": 0.13115910858613058,
      "161226.SZ": 0.11001039945668516
    },
    "513180.SH": {
      "510150.SH": 0.627214565808203,
      "510880.SH": 0.1068300560772543,
      "513180.SH": 1.0,
      "513630.SH": 0.5592836252280751,
      "515050.SH": 0.5520408200810173,
      "515070.SH": 0.6581271402599602,
      "588000.SH": 0.6188766895425843,
      "159770.SZ": 0.7194500412068099,
      "159830.SZ": 0.12481775060861544,
      "161226.SZ": 0.2060446007200274
    },
    "513630.SH": {
      "510150.SH": 0.5053350652678157,
      "510880.SH": 0.5627664360931209,
      "513180.SH": 0.5592836252280751,
      "513630.SH": 1.0,
      "515050.SH": 0.2943465066339797,
      "515070.SH": 0.29191672041077565,
      "588000.SH": 0.30515802234241857,
      "159770.SZ": 0.3565050791018986,
      "159830.SZ": 0.1653160414590287,
      "161226.SZ": 0.1540614606615357
    },
    "515050.SH": {
      "510150.SH": 0.45675383273044007,
      "510880.SH": -0.05085714480349785,
      "513180.SH": 0.5520408200810173,
      "513630.SH": 0.2943465066339797,
      "515050.SH": 1.0,
      "515070.SH": 0.8951564994107303,
      "588000.SH": 0.7195192978857368,
      "159770.SZ": 0.6547838617808643,
      "159830.SZ": 0.02613490661047687,
      "161226.SZ": 0.16233435461376816
    },
    "515070.SH": {
      "510150.SH": 0.4989355732489992,
      "510880.SH": -0.05086521690718625,
      "513180.SH": 0.6581271402599602,
      "513630.SH": 0.29191672041077565,
      "515050.SH": 0.8951564994107303,
      "515070.SH": 1.0,
      "588000.SH": 0.8937181716220586,
      "159770.SZ": 0.7542697765516077,
      "159830.SZ": 0.09150693270140185,
      "161226.SZ": 0.1850442886263045
    },
    "588000.SH": {
      "510150.SH": 0.5454162902796109,
      "510880.SH": 0.04020230270643813,
      "513180.SH": 0.6188766895425843,
      "513630.SH": 0.30515802234241857,
      "515050.SH": 0.7195192978857368,
      "515070.SH": 0.8937181716220586,
      "588000.SH": 1.0,
      "159770.SZ": 0.7242252535239693,
      "159830.SZ": 0.16633382040960326,
      "161226.SZ": 0.22656996006121227
    },
    "159770.SZ": {
      "510150.SH": 0.5482080538750941,
      "510880.SH": -0.015589159312256821,
      "513180.SH": 0.7194500412068099,
      "513630.SH": 0.3565050791018986,
      "515050.SH": 0.6547838617808643,
      "515070.SH": 0.7542697765516077,
      "588000.SH": 0.7242252535239693,
      "159770.SZ": 1.0,
      "159830.SZ": 0.0656700044223797,
      "161226.SZ": 0.12219685793563802
    },
    "159830.SZ": {
      "510150.SH": 0.14844050428199418,
      "510880.SH": 0.13115910858613058,
      "513180.SH": 0.12481775060861544,
      "513630.SH": 0.1653160414590287,
      "515050.SH": 0.02613490661047687,
      "515070.SH": 0.09150693270140185,
      "588000.SH": 0.16633382040960326,
      "159770.SZ": 0.0656700044223797,
      "159830.SZ": 1.0,
      "161226.SZ": 0.5064993210145285
    },
    "161226.SZ": {
      "510150.SH": 0.18845530165763763,
      "510880.SH": 0.11001039945668516,
      "513180.SH": 0.2060446007200274,
      "513630.SH": 0.1540614606615357,
      "515050.SH": 0.16233435461376816,
      "515070.SH": 0.1850442886263045,
      "588000.SH": 0.22656996006121227,
      "159770.SZ": 0.12219685793563802,
      "159830.SZ": 0.5064993210145285,
      "161226.SZ": 1.0
    }
  }
}