{
  "timestamp": "2026-01-14 16:53:47",
  "portfolio_assets": {
    "total_assets": 94376.51999999999,
    "cash": 74915.92,
    "market_value": 19460.6,
    "cash_ratio": 0.7937982879639979,
    "risky_ratio": 0.20620171203600218
  },
  "risk_metrics": {
    "basic_stats": {
      "mean": 0.0003550713394734042,
      "std": 0.00203767916289393,
      "skewness": -1.4806101851903044,
      "kurtosis": 10.69065650396519,
      "min": -0.014358135779250243,
      "max": 0.005266818426357131
    },
    "var_analysis": {
      "var_95_historical": -0.002453457140993949,
      "var_99_historical": -0.005118441664855785,
      "var_95_parametric": -0.002996612622176116,
      "var_99_parametric": -0.004385279249102209,
      "cvar_95": -0.00439189135107239,
      "cvar_99": -0.008511970854654336
    },
    "drawdown_analysis": {
      "max_drawdown": -0.020174125706918494,
      "avg_drawdown": -0.004119006931250554,
      "max_drawdown_duration": 104,
      "avg_drawdown_duration": 10.423076923076923,
      "time_to_recovery": 0,
      "drawdown_periods_count": 26,
      "current_drawdown": 0.0
    },
    "risk_adjusted_metrics": {
      "sharpe_ratio": 2.1478853367112336,
      "sortino_ratio": 2.5908620749766778,
      "calmar_ratio": 4.43528402901804,
      "information_ratio": 0,
      "treynor_ratio": 0,
      "tracking_error": 0,
      "volatility": 0.03234715390053367,
      "downside_volatility": 0.02681654813598029,
      "beta": 0
    },
    "stress_testing": {
      "base_scenario": {
        "mean": 0.0003550713394734042,
        "vol": 0.00203767916289393,
        "var_95": -0.002453457140993949,
        "var_99": -0.005118441664855785,
        "cvar_95": -0.00439189135107239,
        "cvar_99": -0.008511970854654336
      },
      "market_crash": {
        "mean": -0.3992898573210532,
        "vol": 0.004075358325787859,
        "var_95": -0.40490691428198794,
        "var_99": -0.4102368833297116,
        "cvar_95": -0.4087837827021448,
        "cvar_99": -0.4170239417093087
      },
      "volatility_spike": {
        "mean": 0.0010652140184202125,
        "vol": 0.0061130374886817895,
        "var_95": -0.007360371422981848,
        "var_99": -0.015355324994567352,
        "cvar_95": -0.013175674053217172,
        "cvar_99": -0.02553591256396301
      },
      "correlation_breakdown": {
        "mean": 0.0003550713394734042,
        "vol": 0.00203767916289393,
        "var_95": -0.002453457140993949,
        "var_99": -0.005118441664855785,
        "cvar_95": -0.00439189135107239,
        "cvar_99": -0.008511970854654336
      },
      "interest_rate_shock": {
        "mean": 0.0003550713394734042,
        "vol": 0.00203767916289393,
        "var_95": -0.002453457140993949,
        "var_99": -0.005118441664855785,
        "cvar_95": -0.00439189135107239,
        "cvar_99": -0.008511970854654336
      },
      "liquidity_crisis": {
        "mean": -0.22446739299078988,
        "vol": 0.0030565187443408943,
        "var_95": -0.22868018571149093,
        "var_99": -0.23267766249728367,
        "cvar_95": -0.23158783702660857,
        "cvar_99": -0.23776795628198152
      }
    }
  },
  "risk_contribution": {
    "asset_names": [
      "510150.SH",
      "510880.SH",
      "513180.SH",
      "513630.SH",
      "515050.SH",
      "515070.SH",
      "588000.SH",
      "159770.SZ",
      "159830.SZ",
      "161226.SZ"
    ],
    "percentage_contribution": [
      0.09797479521716329,
      0.03239187325513936,
      0.04317346907631193,
      0.019455213154193816,
      0.23987806394836156,
      0.08152966809363252,
      0.2654351341721027,
      0.05712302029473267,
      0.11250266219202609,
      0.05053610059633613
    ]
  },
  "optimization": {
    "success": true,
    "optimal_weights": [
      7.978162637943632e-16,
      0.0,
      0.0,
      0.26676030912423665,
      0.15389962684868413,
      0.00889790016160279,
      0.0,
      0.0,
      0.34150233130421986,
      0.2289398325612566
    ],
    "optimal_metrics": {
      "weights": [
        7.978162637943632e-16,
        0.0,
        0.0,
        0.26676030912423665,
        0.15389962684868413,
        0.00889790016160279,
        0.0,
        0.0,
        0.34150233130421986,
        0.2289398325612566
      ],
      "expected_return": 0.7025205323092669,
      "volatility": 0.17644383279116235,
      "sharpe_ratio": 3.8682028241649755,
      "sortino_ratio": 4.704769914237545,
      "var_95": -0.015494358870845755,
      "var_99": -0.023124029781551446,
      "cvar_95": -0.02323557049194998,
      "cvar_99": -0.03852475489761739,
      "max_drawdown": -0.08552209769735351,
      "beta": 0.5196788536311546,
      "alpha": 0.6281405513968157,
      "portfolio_returns": {
        